person,man,woman,child,baby,boy,girl,friend,family,group
hand,head,face,eye,mouth,nose,ear,hair,foot,leg
arm,back,heart,finger,neck,shoulder,knee,toe,skin,bone
tooth,tongue,lip,brain,stomach,chest,muscle,blood,tear,smile
house,home,room,door,window,wall,floor,roof,garden,yard
kitchen,bedroom,bathroom,hall,stairs,garage,couch,chair,table,bed
desk,lamp,light,fan,clock,picture,mirror,carpet,rug,curtain
box,bag,cup,plate,bowl,fork,spoon,knife,bottle,glass
pan,pot,tray,basket,bin,trash,soap,towel,brush,comb
clothes,shirt,pants,shoe,sock,coat,hat,dress,skirt,jacket
pocket,button,zipper,belt,glove,scarf,ring,watch,glasses,wallet
purse,umbrella,key,card,money,coin,ticket,phone,camera,computer
city,town,street,road,park,shop,store,school,bank,office
building,hospital,church,station,bridge,market,library,hotel,farm,factory
book,paper,pen,pencil,notebook,board,screen,keyboard,mouse,robot
machine,engine,tool,hammer,drill,screw,nail,lock,car,bus
truck,bike,train,plane,boat,ship,van,taxi,motor,wheel
tire,wing,seat,brake,tank,helicopter,rocket,tree,flower,grass
leaf,stick,stone,rock,sand,mountain,hill,river,lake,ocean
sea,wave,beach,sun,moon,star,cloud,rain,snow,wind
fire,ice,seed,root,plant,bush,wood,dog,cat,bird
fish,horse,cow,pig,sheep,chicken,duck,rat,rabbit,bear
lion,tiger,elephant,monkey,bug,bee,fly,ant,spider,snake
frog,turtle,whale,shark,eagle,owl,food,water,bread,meat
fruit,apple,banana,orange,egg,milk,cake,cookie,candy,sugar
salt,pepper,rice,corn,bean,nut,pizza,burger,sandwich,cheese
soup,salad,juice,coffee,tea,wine,people,student,country,job
word,business,age,love,court,patient,ground,page,brother,husband
doctor,chance,film,player,gun,cover,oil,season,summer,tax
staff,ball,model,income,step,record,property,message,song,race
director,character,region,benefit,animal,cell,loss,shot,stage,video
dream,capital,corner,pain,artist,section,master,speech,island,gift
faith,judge,instance,edge,weekend,mission,mile,match,project,spring
gold,king,version,army,club,winter,method,airport,lunch,beer
cream,butter,sauce,snack,meal,dinner,breakfast,dessert,drink,dish
coast,forest,sky,storm,planet,dust,branch,bark,path,trail
crop,soil,dirt,mud,valley,cliff,cave,desert,jungle,pond
stream,tide,shore,harbor,port,dock,anchor,sail,deck,crew
captain,pilot,flight,gate,track,helmet,horn,trunk,hood,cap
boot,tie,chain,speaker,cable,plug,switch,shelf,drawer,cabinet
closet,pillow,blanket,sheet,razor,lung,liver,kidney,throat,elbow
wrist,thumb,palm,ankle,heel,chin,cheek,brow,forehead,skull
spine,rib,hip,thigh,calf,nerve,vein,organ,tissue,germ
grape,lemon,lime,peach,pear,plum,cherry,strawberry,blueberry,raspberry
blackberry,melon,watermelon,mango,pineapple,coconut,kiwi,tomato,potato,carrot
onion,garlic,celery,lettuce,spinach,cabbage,broccoli,cucumber,pea,squash
pumpkin,beet,turnip,radish,mushroom,olive,pickle,avocado,asparagus,eggplant
zucchini,artichoke,leek,chive,straw,hay,wheat,oat,barley,rye
grain,flour,dough,bacon,sausage,ham,turkey,beef,pork,lamb
steak,hotdog,taco,burrito,wrap,roll,bagel,muffin,donut,brownie
pie,tart,pastry,waffle,pancake,cereal,yogurt,pudding,jelly,jam
honey,syrup,ketchup,mustard,mayo,dressing,gravy,broth,stock,kitten
puppy,bunny,hamster,guinea,ferret,lizard,toad,dolphin,seal,penguin
hawk,crow,raven,sparrow,robin,cardinal,jay,goose,swan,rooster
hen,peacock,parrot,pigeon,wolf,fox,deer,moose,elk,buffalo
bison,leopard,cheetah,jaguar,panther,cougar,giraffe,zebra,hippo,rhino
ape,gorilla,chimp,baboon,koala,kangaroo,panda,sloth,raccoon,skunk
squirrel,chipmunk,beaver,otter,badger,weasel,mole,bat,hedgehog,wasp
mosquito,beetle,butterfly,moth,ladybug,cricket,grasshopper,dragonfly,caterpillar,worm
snail,slug,crab,lobster,shrimp,clam,oyster,mussel,squid,octopus
jellyfish,starfish,seahorse,coral,sponge,skillet,oven,stove,fridge,freezer
microwave,toaster,blender,mixer,kettle,grill,sink,faucet,counter,cupboard
pantry,jar,can,lid,rack,broom,mop,bucket,rag,vacuum
duster,marker,crayon,chalk,eraser,ruler,stapler,tape,glue,scissors
folder,binder,journal,diary,envelope,stamp,letter,poster,sign,banner
flag,badge,sticker,label,tag,rope,string,wire,cord,thread
needle,pin,clip,hook,hanger,knob,handle,latch,bolt,saw
axe,shovel,rake,hoe,pick,plow,tractor,mower,trimmer,fence
post,pole,beam,plank,log,twig,nest,web,hive,den
burrow,hole,pit,ditch,trench,tunnel,ceiling,frame,sill,porch
patio,balcony,lawn,hedge,shrub,vine,ivy,moss,weed,thorn
petal,stem,bud,bloom,rose,tulip,daisy,lily,orchid,violet
pansy,poppy,iris,dahlia,peony,carnation,sunflower,daffodil,fern,pine
oak,maple,birch,willow,cedar,spruce,elm,acorn,pinecone,berry
walnut,almond,cashew,peanut,pecan,hazel,necklace,bracelet,earring,brooch
pendant,charm,gem,jewel,diamond,ruby,emerald,sapphire,pearl,crystal
silver,bronze,copper,brass,crown,tiara,throne,castle,palace,tower
fort,mansion,cottage,cabin,tent,camp,flame,ember,ash,smoke
spark,torch,candle,lantern,flashlight,bulb,glow,ray,shadow,shade
blind,mat,tile,brick,cement,concrete,marble,granite,slate,clay
gravel,pebble,boulder,ledge,ridge,peak,summit,crater,volcano,lava
geyser,glacier,iceberg,frost,sleet,hail,fog,mist,dew,rainbow
thunder,lightning,breeze,gust,tornado,hurricane,flood,drought,quake,tremor
slide,avalanche,blizzard,cyclone,typhoon,monsoon,antelope,armadillo,barracuda,beagle
boar,bulldog,bullfrog,bumblebee,camel,canary,capybara,caribou,catfish,centipede
chameleon,chihuahua,chimpanzee,cobra,cockroach,collie,coyote,crane,crocodile,dalmatian
dingo,dodo,donkey,dromedary,duckling,eel,emu,falcon,finch,firefly
flamingo,flea,flounder,foal,gazelle,gecko,gerbil,gibbon,goat,goldfish
gopher,greyhound,grizzly,guppy,haddock,halibut,hare,heron,herring,hornet
hummingbird,hyena,iguana,impala,jackal,lemur,llama,locust,louse,lynx
mackerel,magpie,mammoth,manatee,mandrill,marmot,meerkat,mink,minnow,mite
mockingbird,mongoose,mule,muskrat,narwhal,newt,nightingale,ocelot,opossum,orangutan
ostrich,ox,parakeet,partridge,pelican,pheasant,piglet,piranha,platypus,polar
poodle,porcupine,porpoise,possum,prawn,puffin,pug,puma,python,quail
ram,rattlesnake,reindeer,rottweiler,salamander,salmon,sardine,scorpion,seagull,spaniel
stork,stingray,sturgeon,swallow,swordfish,tadpole,tarantula,termite,terrier,tortoise
toucan,trout,tuna,viper,vulture,walrus,wombat,woodpecker,wren,yak
anchovy,anise,apricot,baguette,basil,biscuit,bran,brisket,brunch,buckwheat
bun,calamari,cantaloupe,caramel,cardamom,cassava,cauliflower,caviar,chard,cheddar
cheesecake,chestnut,chili,chocolate,chowder,chutney,cider,cilantro,cinnamon,clove
cobbler,cod,coleslaw,coriander,couscous,cracker,cranberry,crepe,croissant,crouton
cupcake,currant,curry,custard,date,dill,dip,doughnut,dumpling,espresso
fig,fillet,flan,fondue,fudge,gelato,ginger,gnocchi,gooseberry,gouda
granola,grapefruit,guacamole,guava,gumbo,hamburger,hazelnut,herb,horseradish,hummus
icing,jerky,kale,kebab,kumquat,lasagna,lemonade,lentil,licorice,linguine
loaf,lollipop,macaroni,macaroon,maize,malt,margarine,marmalade,marshmallow,marzipan
meatball,meringue,milkshake,millet,mint,miso,molasses,mozzarella,mutton,nacho
nectarine,noodle,nougat,nutmeg,oatmeal,okra,omelet,oregano,papaya,paprika
parsnip,pasta,pasty,pepperoni,persimmon,pesto,pilaf,pistachio,pita,plantain
pomegranate,popcorn,porridge,pretzel,prune,quiche,quinoa,raisin,ravioli,relish
rhubarb,risotto,roast,romaine,rosemary,saffron,sage,salami,salsa,sauerkraut
scone,scallop,seasoning,semolina,sesame,shallot,sherbet,slaw,smoothie,soda
sorbet,soy,soybean,spaghetti,spice,stew,strudel,sundae,sushi,sweet
tangerine,tapioca,thyme,toast,toffee,tofu,torte,tortilla,truffle,vanilla
veal,vegetable,venison,vinegar,wasabi,whey,yam,yeast,alarm,album
apron,armchair,ashtray,basin,bath,bathrobe,bathtub,battery,beaker,bedspread
bell,bench,bib,bindle,blinds,bookcase,bookmark,bracket,buckle,bunk
bureau,cage,calculator,calendar,candlestick,canister,canopy,canteen,carafe,carton
case,casket,cassette,cauldron,chandelier,charger,chisel,chopper,clamp,clipper
cloth,clothesline,clothespin,coaster,coffeemaker,coffin,colander,comforter,compass,console
container,cooler,cork,corkscrew,cot,coverlet,cradle,crate,credenza,crib
crock,cushion,cutter,dart,decanter,decoration,detergent,device,dice,diffuser
dishwasher,dispenser,divan,doily,doll,doorknob,doormat,doorstop,drape,dryer
dumbwaiter,dustbin,dustpan,duvet,easel,file,filter,fireplace,flask,flatware
floss,flowerpot,footstool,fryer,funnel,furnace,furniture,fuse,gadget,game
garbage,gasket,gauge,gear,generator,globe,goblet,goggles,grater,griddle
grinder,guitar,hammock,hamper,hardware,heater,hinge,holder,hose,hotplate
humidor,humidifier,hutch,ink,insulation,intercom,iron,jack,jug,juicer
keychain,kit,ladder,ladle,lampshade,laptop,lawnmower,lens,level,lever
lift,lighter,linens,liner,locker,locket,loom,lotion,lounger,lubricant
luggage,magazine,magnet,magnifier,mailbox,mallet,mannequin,mantel,map,mask
matchbox,mattress,medal,medicine,megaphone,memo,mesh,meter,mic,microphone
microscope,mobile,mortar,mousetrap,mug,napkin,net,newspaper,nozzle,nutcracker
oar,ornament,ottoman,package,pad,paddle,padlock,pail,paint,paintbrush
painting,pallet,panel,paperclip,parachute,parcel,parchment,partition,passport,paste
patch,peeler,peg,pendulum,perfume,pestle,photo,piano,pillowcase,pincushion
pipe,pipette,pistol,pitcher,placemat,planter,plaster,platter,pliers,plunger
pocketbook,podium,poker,polish,pool,portrait,pouch,powder,press,printer
projector,prop,pump,puppet,puzzle,pyramid,quilt,radio,rail,ramp
rattle,ream,recorder,reel,refill,refrigerator,remote,ribbon,robe,rocker
rod,roller,rotisserie,rubber,rubbish,sack,saddle,safe,safety,sandpaper
sanitizer,satchel,saucer,scale,scalpel,scanner,scoop,scooter,scraper,screwdriver
scrubber,sculpture,sealant,sensor,server,settee,shaker,shampoo,shaver,shear
shears,shell,shield,shingle,shoelace,shower,shredder,shutter,sieve,silo
skate,skateboard,sketchbook,ski,sledge,sleigh,slipper,slot,smock,snips
snowblower,snowplow,socket,sofa,softener,solar,solder,spade,spanner,spectacles
spigot,spike,spindle,spinner,spool,spotlight,spout,spray,sprayer,sprinkler
sqeegee,stack,stair,stake,staple,statue,steamer,steel,stencil,stereo
stool,stopper,strainer,strap,stretcher,strip,stroller,stud,suit,suitcase
sunglasses,swab,sweeper,swing,syringe,tablecloth,tablet,tack,tap,tapestry
tarp,tassel,teapot,teddy,tee,telephone,telescope,television,terminal,terrarium
textbook,thermometer,thermostat,thimble,tiller,timer,tin,toilet,tongs,toolbox
toothbrush,toothpaste,toothpick,toy,trailer,trampoline,transistor,treadmill,trellis,triangle
tripod,trolley,trophy,trowel,trumpet,tub,tube,tumbler,tuner,tureen
turntable,tweezers,twine,typewriter,uniform,urn,utensil,valve,vanity,vase
vat,vault,velcro,vent,ventilator,vessel,vest,vial,videotape,viewfinder
vinyl,violin,vise,visor,walker,walkie,wallpaper,wand,wardrobe,washer
waterbed,watering,wax,wedge,weeder,weight,welder,well,wheelbarrow,whetstone
whisk,whistle,wick,wicker,wig,winch,windmill,windshield,wok,wool
workbench,wrench,wringer,wristband,xray,xylophone,yacht,yardstick,yarn,yoke
yoyo,zither,anklet,anorak,armor,ascot,backpack,bandana,bangle,baseball
beanie,beard,beret,bikini,blazer,blouse,boa,bodice,body,bonnet
bowtie,boxers,braid,briefs,caftan,cameo,camisole,cape,cardigan,chaps
cloak,clog,collar,corset,costume,cravat,cuff,cufflink,denim,diaper
earmuff,eyebrow,eyelash,eyeliner,fedora,felt,fingernail,fleece,fur,garter
gauntlet,girdle,gown,hairband,hairbrush,hairclip,hairpin,handbag,handkerchief,headband
headdress,hem,hijab,hosiery,jaw,jeans,jersey,jewelry,jumper,kilt
kimono,knickers,lace,lapel,leggings,leotard,lipstick,makeup,mitten,moccasin
muffler,mukluk,mustache,necktie,nightgown,outfit,overalls,overcoat,pajamas,panties
parka,petticoat,pinafore,poncho,ponytail,raincoat,sandal,sari,sarong,sash
scrubs,shawl,shorts,slacks,sneaker,sombrero,spats,stiletto,stocking,stole
suspender,sweater,sweatshirt,swimsuit,tari,tattoo,thong,tights,toenail,toga
tophat,trousers,tunic,turban,tuxedo,tweed,undershirt,underwear,veil,velvet
waist,waistcoat,windbreaker,wristwatch,acre,air,alley,alpine,arch,asphalt
asteroid,atmosphere,atoll,avenue,axis,barn,barracks,bay,bayou,bedrock
block,blossom,bough,boulevard,boundary,brook,bubble,butte,cactus,canal
canyon,cavern,channel,chapel,charcoal,chasm,cinder,climate,clover,coal
cobblestone,comet,cone,constellation,continent,cornfield,corral,county,courtyard,cove
creek,crest,crevasse,curb,dam,dandelion,dawn,daylight,debris,dell
delta,dike,dome,drift,drizzle,drop,dune,earth,earthquake,eclipse
equator,estate,estuary,evergreen,falls,field,fir,fiord,foothill,fossil
fountain,freeway,fungus,galaxy,gas,glade,gorge,greenhouse,grotto,grove
gully,gutter,haze,highway,hillside,hilltop,horizon,husk,hydrant,icicle
igloo,inlet,isthmus,jetty,kelp,knoll,lagoon,land,landfill,landmark
landscape,lane,lilac,limestone,lot,lumber,magma,magnolia,manor,marsh
meadow,mesa,meteor,mine,mineral,mirage,moat,monument,moonlight,moraine
mound,mulch,nature,nebula,nickel,night,oasis,obsidian,ore,outcrop
panier,passage,pasture,pathway,peninsula,pier,pile,plain,plantation,plateau
plaza,pod,pollen,poplar,pothole,prairie,precipice,prism,puddle,quarry
quartz,rainforest,ravine,reef,reservoir,resort,riverbed,rubble,ruin,runway
rust,sandbar,sandstone,sap,sapling,savanna,scenery,seashell,seashore,seaweed
sediment,sewer,shale,shipyard,shoal,sidewalk,signpost,silt,skyscraper,slope
smog,snowball,snowflake,spire,square,stadium,stalk,steam,steeple,steppe
stump,subway,sunlight,sunrise,sunset,surf,swamp,sycamore,tarmac,temple
terrain,territory,thicket,timber,tributary,tundra,turf,twilight,universe,vapor
vegetation,vineyard,warehouse,waste,waterfall,wharf,whirlpool,wilderness,woodland,world
zone,zoo,atm,suv,aardvark,abacus,abbey,abdomen,abuse,academics
academy,accelerant,accelerator,accent,access,accompanist,accord,accordion,accountant,acetate
achiever,acid,acoustics,acrylic,activist,actor,actress,adapter,address,adjective
admin,administrator,admire,adobe,adrenalin,adrenaline,adult,advent,adverb,adviser
advocate,affect,affidavit,affiliate,afoul,afterlife,aftermath,aftershave,aftershock,afterthought
agenda,agent,aglet,agony,aide,aim,airbag,airbus,aircraft,airfare
airfield,airforce,airline,airmail,airman,airplane,airspace,alb,albatross,alcohol
alcove,alder,ale,alert,alfalfa,algebra,algorithm,alias,alibi,alien
allergist,alligator,alloy,alluvium,almanac,alpaca,alpenglow,alpenhorn,alpha,alphabet
altar,alternative,altitude,alto,aluminium,aluminum,amazon,ambassador,amber,anagram
analgesia,analog,analogue,analyst,analytics,anarchist,anarchy,anatomy,ancestor,android
anesthesiologist,angel,angina,angiosperm,angora,angstrom,anguish,anime,annual,anteater
antecedent,antechamber,antennae,anterior,antibody,anticodon,antigen,antique,antler,anybody
anyone,anywhere,aperitif,app,apparatus,apparel,appendix,appetiser,appetite,appetizer
applause,applewood,apse,aquarium,aquifer,arcade,arch-rival,archaeologist,archer,architect
archives,arena,arithmetic,ark,arm-rest,armoire,armour,armpit,armrest,array
arrest,arrow,arthur,article,artifact,artificer,ascend,ascent,ashram,aside
aspect,aspic,ass,assault,assembly,asset,assist,assistant,associate,asterisk
astrakhan,astrolabe,astrologer,astronomy,atelier,atheist,athlete,athletics,atom,atrium
attacker,attendant,attic,attorney,attribute,audit,auditorium,aunt,author,auto
automaton,autumn,awe,azimuth,babe,babushka,bachelor,back-up,backbone,backburn
backdrop,backup,backyard,bacterium,baggie,bagpipe,bail,bait,bake,baker
bakeware,balaclava,balalaika,ballet,balloon,balloonist,ballot,ballpark,bamboo,ban
band,bandanna,bandolier,bandwidth,banjo,bankbook,banker,banquette,banyan,baobab
bar,barbecue,barbeque,barber,barbiturate,bargain,barge,baritone,barium,barometer
barrel,barrier,barstool,bartender,base,baseboard,baseline,basics,basketball,bass
bassinet,bassoon,bather,bathhouse,battalion,batter,battle,bead,beak,beancurd
beanstalk,beast,beastie,beck,beech,beggar,beginner,begonia,behalf,behavior
behaviour,behest,behold,believer,bellows,belly,bend,best-seller,bestseller,bet
beyond,bias,bicycle,bid,bidder,bidet,bifocals,bijou,bill,billboard
billion,binoculars,biopsy,biosphere,biplane,bird-watcher,birdbath,birdhouse,birthday,bite
bitten,bitter,blackbird,blackboard,blackfish,bladder,blade,blank,blast,blend
blight,blinker,blister,blocker,blog,blogger,bloodflow,bloomer,blow,blowgun
blowhole,blush,boatload,boatyard,bob,bobcat,bog,bolero,bomb,bomber
bond,bondsman,bonfire,bongo,bonsai,bonus,boogeyman,bookend,booklet,boolean
boom,boon,boost,booster,bootee,bootie,border,bore,borrower,bosom
boss,botany,bother,bottom-line,boudoir,bouquet,bourgeoisie,bout,boutique,bow
bower,bowler,boxer,boycott,boyfriend,bra,brace,brand,brandy,brassiere
bratwurst,breadcrumb,breadfruit,breakdown,breakpoint,breakthrough,breast,breastplate,breath,brewer
bride,brief,briefly,brilliant,brink,broad,broadcast,brocolli,broiler,broker
bronchitis,bronco,brood,brother-in-law,brown,browser,brushfire,buck,buddy,buffer
buffet,bugle,builder,bulk,bull,bull-fighter,bulldozer,bullet,bump,bumper
bunch,bungalow,bunghole,bunkhouse,burden,burglar,burial,burlesque,burn-out,burro
burst,businessman,bust,bustle,butane,butcher,butler,buy,buyer,buzz
buzzard,c-clamp,cabana,caboose,cacao,caddy,cadet,cafe,caffeine,calculus
caliber,calibre,calico,calm,calorie,campanile,camper,campus,cancer,candelabra
candidate,cane,cannibal,cannon,canoe,canon,canvas,caper,capon,cappelletti
cappuccino,captor,carabao,caravan,carbohydrate,carbon,carboxyl,cardboard,career,cargo
carload,carnival,carol,carotene,carp,carpenter,carport,carrier,cart,cartel
carter,cartload,cartoon,cartridge,cascade,cash,cashier,casino,casserole,cassock
cast,castanet,catacomb,catalogue,catalyst,catamaran,catastrophe,catcher,cathedral,catsup
cattle,causal,causeway,cayenne,celeriac,cellar,cello,celsius,cenotaph,census
cent,centimeter,centre,centurion,cephalopod,ceramic,ceramics,ceremony,certificate,cesspool
chafe,chainstay,chairlift,chairman,chairperson,chaise,chalet,chalice,chamber,champagne
champion,chaos,chap,chaplain,chapter,characteristic,charlatan,charset,chart,charter
chasuble,chateau,chatter,chauffeur,chauvinist,checkbook,checkout,checkroom,cheer,chef
chem,chemical,chemotaxis,cheque,chess,chick,chief,chiffonier,childbirth,chill
chime,chinchilla,chino,chip,chit-chat,chives,choir,choker,cholesterol,chop
chops,chopstick,chopsticks,chord,chorus,chow,chrome,chromolithograph,chronicle,chronograph
chronometer,chrysalis,chub,chuck,chug,churn,cicada,cigarette,cinema,circadian
circle,circuit,cirrus,citizen,citron,citrus,civilian,clan,clank,clapboard
clarinet,clasp,classmate,classroom,clause,clave,clavicle,clavier,claw,cleaner
cleat,clef,cleft,clergyman,cleric,clerk,click,client,climb,clinic
clipboard,cloakroom,clockwork,clogs,cloister,clone,close,cloudburst,cloves,cluster
clutch,co-producer,coach,cob,cobweb,cock,cockpit,cocktail,cocoa,codon
codpiece,cofactor,cohort,coil,coke,coliseum,collagen,collapse,collard,collateral
colleague,collector,college,colloquy,colon,colonial,colony,color,colt,column
columnist,combat,combine,comeback,comedy,comestible,comfortable,comic,comics,comma
commander,commerce,common,commonsense,communicant,communion,communist,commuter,compassionate,competitor
component,composer,composite,compost,compress,compromise,comptroller,con,concentrate,concert
conditioner,condominium,condor,conduct,conductor,conga,congo,congress,congressman,congressperson
conifer,consensus,consent,conservative,consonant,conspirator,constraint,consul,consulate,consumer
contact lens,contagion,content,contour,contractor,contrail,contrast,contributor,controller,controversy
convert,convertible,cook,cookbook,coonskin,coordinator,cop,cop-out,cope,copyright
copywriter,corduroy,core,cormorant,cornerstone,cornet,cornflakes,cornmeal,corporal,corps
correspondent,corridor,cosset,cotton,cough,council,councilman,councilor,councilperson,counsel
counsellor,counselor,counter-force,counterpart,countess,countryside,coupon,courthouse,courtroom,cousin
covariate,coverall,cowbell,cowboy,crackers,craftsman,cranky,crap,craw,crawdad
crayfish,crazy,creationist,creative,creator,creche,credential,creditor,creme brulee,crewman
crewmate,crewmember,crewmen,cria,cricketer,crime,criminal,crinoline,crisp,criteria
criterion,critic,crocus,crook,cross-stitch,crotch,croup,crowd,crucifixion,crude
cruise,crumb,crunch,crusader,crush,crust,cub,cube,cuckoo,cue
cuff-link,cuisine,cultivar,cultivator,culvert,cummerbund,cupola,curd,curio,curl
curler,curriculum,curse,cursor,custody,custom,customer,cuticle,cutlet,cutover
cyclamen,cyclooxygenase,cygnet,cylinder,cymbal,cynic,cyst,cytokine,cytoplasm,dad
daddy,dagger,daikon,daily,dame,damn,dancer,dare,darn,dash
dashboard,data,database,daughter,daybed,deadline,dealer,dearest,deathwatch,debate
debtor,decimal,decline,decoder,decongestant,deduce,deed,deep,default,defeat
defendant,defender,defense,deficit,delight,democrat,demon,demur,denominator,dentist
deodorant,depot,depressive,derby,derivative,derrick,descendant,descent,designer,desktop
destiny,destroyer,detainee,detective,detector,detour,developer,developmental,devil,dhow
diabetes,diadem,diagram,dial,dialect,dialogue,diam,diaphragm,diarist,dibble
dick,dickey,dictaphone,dictator,die,diesel,differential,diffuse,digestive,digger
digit,dime,dimple,diner,dinghy,dinosaur,dioxide,diploma,dipstick,directive
dirndl,discharge,disclaimer,disco,discourse,disdain,disguise,disgust,dispatch,disposal
disposer,dispute,disregard,distributor,divalent,diver,dividend,divider,divine,divorce
doc,doctorate,doctrine,doe,doggie,dogsled,dogwood,dollar,dollop,dolman
dolor,donor,doorbell,doorpost,doorway,dose,dot,doubter,down,downfall
downforce,downgrade,download,downstairs,downtown,downturn,dozen,dragon,dragonfruit,dragster
drain,drake,dramaturge,drapes,drawbridge,dreamer,dredger,dresser,driver,driveway
drug,drum,drummer,drunk,dud,dude,duel,duffel,dugout,dulcimer
dump truck,dungarees,dungeon,duplexer,durian,dusk,dust storm,dwarf,dwell,dynamics
dynamite,dynamo,e-book,e-mail,e-reader,eaglet,eardrum,earmuffs,earnings,earplug
earrings,earthworm,eaves,eavesdropper,ecclesia,echidna,ecliptic,economics,ecosystem,ectoderm
ectodermal,ecumenist,eddy,edger,edible,editorial,effective,effector,egghead,eggnog
ego,eicosanoid,ejector,electrocardiogram,electronics,elevator,eleventh,elf,elicit,elite
elixir,ellipse,elver,email,emanate,embassy,embryo,emergent,emitter,empire
employee,employer,enclave,encounter,encyclopedia,endive,endoderm,endothelium,endpoint,enemy
engineer,enigma,enterprise,entree,entrepreneur,envy,enzyme,epauliere,epee,ephemera
ephemeris,ephyra,epic,epithelium,epoch,eponym,epoxy,equinox,era,escalator
escort,espadrille,espalier,essential,estrogen,ethernet,ethics,ethyl,euphonium,evaluator
eve,evening-wear,everybody,everyone,evil,ex-husband,ex-wife,examiner,excerpt,excess
executive,executor,exhaust,exhibit,exile,exocrine,expertise,explorer,expose,exterior
extremist,eyeball,eyebrows,eyeglasses,eyelashes,eyelid,eyelids,eyestrain,eyrie,fabric
facelift,facet,facsimile,fahrenheit,faithful,falling-out,fame,fang,fanlight,fanny
fanny-pack,fantasy,farmer,farmland,farrow,fascia,fate,father-in-law,fatigue,fatigues
fav,fava,favor,favorite,fawn,fax,feast,feather,fedelini,feedback
fellow,felony,fen,fender,feng,fennel,ferryboat,fertilizer,festival,fetus
fiber,fiberglass,fibre,fibroblast,ficlet,fiddle,fiesta,fifth,fighter,figurine
filly,filth,fine,finer,finisher,fireman,firewall,fishbone,fisherman,fishmonger
fishnet,fit,flair,flanker,flare,flash,flatboat,flavor,flax,fleck
flesh,flick,flicker,flint,flintlock,flip-flops,flock,floodplain,floozie,flu
flugelhorn,fluke,flume,flung,flute,flytrap,foam,fob,folk,folklore
follower,font,foodstuffs,fool,footnote,footprint,footrest,footstep,footwear,forager
foray,ford,forearm,forebear,forecast,foreigner,forelimb,formamide,format,former
formicarium,formula,forte,fortnight,fortress,forum,founder,fourths,fowl,foxglove
framework,fratricide,fraud,fraudster,freak,freckle,freight,freighter,frenzy,freon
fresco,fries,frigate,fright,fringe,fritter,frock,frontier,frown,fuck
fuel,fugato,full,fun,fusarium,futon,gaffe,gaffer,gaiters,gale
gall-bladder,galley,gallon,galoshes,gamebird,gamma-ray,gander,gang,garb,gasoline
gasp,gastronomy,gastropod,gateway,gator,gavel,gazebo,gearshift,geek,gel
gelatin,gemsbok,gender,gene,genetics,genie,genius,genocide,genre,gentleman
geranium,gherkin,ghost,giant,gig,giggle,gingerbread,ginseng,girlfriend,git
gladiolus,gland,glee,glen,glider,glimpse,glockenspiel,gloom,glucose,glut
glutamate,gnat,gnu,go-kart,gobbler,goddess,godfather,godmother,godparent,golf
gondola,gong,good-bye,goodbye,goodie,goodnight,goodwill,gossip,governor,grab-bag
grace,gradient,graduate,graffiti,graft,gram,grammar,gran,grandchild,granddaughter
grandfather,grandma,grandmom,grandmother,grandpa,grandparent,grandson,granny,grant,graph
graphic,grasp,grassland,gratitude,gravitas,gray,grease,great-grandfather,great-grandmother,greed
greens,grenade,grey,grid,grief,grin,grip,gripper,grit,grouper
grouse,grub,guerrilla,guestbook,guideline,guilder,guilt,guitarist,gum,gumshoe
gunpowder,gym,gymnast,gymnastics,gyro,habitat,hacienda,hacksaw,hackwork,haircut
hake,half-brother,half-sister,halloween,hallway,halt,handball,handful,handgun,handicap
handlebar,handmaiden,handover,handrail,handsaw,harald,harbour,hard-hat,hardboard,hardcover
hardhat,harmonica,harmonise,harmonize,harmony,harp,harpooner,harpsichord,harvest,harvester
hash,hashtag,hassock,haste,hatbox,hatchet,hatred,haunt,haven,haversack
havoc,headache,headlight,headline,headphones,headquarters,headrest,health-care,hearsay,heart-throb
heartache,heartbeat,hearth,hearthside,heartwood,heaven,hectare,heifer,heir,heirloom
helium,hellcat,helo,hemisphere,hemp,hepatitis,herbs,hermit,hero,heroine
heterosexual,hexagon,heyday,hiccups,hierarchy,high-rise,highland,hike,hint,hippodrome
hippopotamus,hire,historian,hobbit,hobby,hockey,hog,homeland,hometown,homework
homicide,homogenate,homonym,homosexual,honeybee,honeydew,honor,honoree,hoof,hop
hops,horde,hormone,horst,hospice,hostel,hostess,hound,hourglass,houseboat
household,housewife,housework,hovel,hovercraft,howard,howitzer,hub,hubcap,hubris
hug,hugger,hull,humour,hunchback,hundred,hunger,hunter,hurdle,hurdler
hut,hyacinth,hydraulics,hydrocarb,hydrocarbon,hydrofoil,hydrogen,hydrolyse,hydrolyze,hydroxyl
hygienic,hype,hypochondria,hypothermia,ice-cream,icebreaker,icecream,icon,idiom,idiot
ignorant,ikebana,illegal,immigrant,immortal,import,impostor,impress,impulse,in-joke
in-laws,inbox,incense,incentive,inch,index,indicator,infant,infinite,infix
influx,info,inglenook,ingrate,ingredient,inhabitant,inhibitor,initialise,initialize,injustice
inlay,inn,innocent,input,insectarium,insert,insight,insomnia,instant,instinct
institute,instructor,instrumentalist,integer,integral,intellect,intent,interchange,intercourse,interface
interferometer,interior,interject,interloper,interpreter,interval,intervenor,interviewer,intestine,invader
inventor,inverse,investigator,investor,invoice,ironclad,irony,ischemia,isogloss,jackfruit
jade,jail,jailhouse,jalapeño,jasmine,jazz,jealousy,jeep,jellybeans,jerk
jet,jeweller,jicama,jiffy,jockey,jodhpurs,joey,jot,journalist,judo
juggernaut,julienne,jumbo,jumpsuit,junk,junker,junket,jute,kamikaze,karate
kayak,kazoo,keeper,kendo,kennel,ketch,kettledrum,keystone,kick-off,kielbasa
killer,kilogram,kilometer,kinase,kingfish,kiosk,kite,kitsch,kneejerk,knife-edge
knight,knock,knot,know-how,knuckle,kohlrabi,laborer,labour,labourer,lacquerware
lad,lag,lambkin,lanai,landform,landmine,lap,laparoscope,lapdog,larch
lard,larder,lark,larva,laryngitis,lashes,last,latex,lathe,latitude
latte,latter,laughter,lawmaker,lawsuit,layout,leaker,leap,leash,leaver
leeway,legal,legend,legislator,legume,lender,leprosy,leptocephalus,lesbian,leveret
liar,libido,license,lieu,lieutenant,lifestyle,lifetime,ligand,lightscreen,ligula
limb,limo,linen,linguist,linguistics,linseed,lipid,lipoprotein,liquid,liquor
literate,litmus,litter,littleneck,livestock,loafer,lobby,lobotomy,locomotive,lode
loft,loggia,logic,login,logistics,logo,loincloth,longboat,longitude,lookout
loop,loophole,loquat,lord,lounge,lout,lover,lox,lumberman,luncheonette
lunchmeat,lunchroom,lunge,lust,lute,lychee,lycra,lye,lymphocyte,lyocell
lyre,lyrics,lysine,mrna,macadamia,macaw,macrame,macro,macrofauna,madam
maelstrom,maestro,maggot,magic,magnitude,maid,maiden,mailer,mailman,mainland
mainstream,maintainer,major-league,makeover,maker,malice,mallard,mama,mambo,manacle
mandarin,mandate,mandolin,mangle,mangrove,manhunt,maniac,mankind,mansard,manservant
mantle,mantua,maracas,marathon,mare,margin,mariachi,marimba,marines,marketer
marketplace,marksman,markup,marshland,marten,mascara,mass,mast,masterpiece,mastoid
matchmaker,mathematics,matrix,mattock,max,mayonnaise,mayor,meander,means,meantime
measles,meatloaf,mecca,mechanic,med,median,melatonin,melody,membrane,meme
memorial,men,menopause,menorah,mentor,merchandise,merchant,meridian,merit,mesenchyme
messenger,messy,metabolite,metallurgist,metaphor,methane,metric,metro,metronome,mezzanine
micronutrient,mid-course,midden,middleman,midline,midwife,migrant,milepost,milestone,mill
millennium,millimeter,million,millisecond,millstone,mime,mimosa,min,mincemeat,mineshaft
mini,mini-skirt,minibus,minion,minor-league,miracle,misfit,misnomer,misogyny,missile
mister,misunderstand,miter,moai,mob,mobster,moccasins,mocha,mochi,modem
modernist,molar,molecule,monger,monk,monocle,monopoly,monster,moody,moonscape
moonshine,morale,morbid,moron,morsel,mortal,mortise,mosque,motel,mother-in-law
motive,motorboat,motorcar,motorcycle,mouser,mousse,moustache,mouton,mover,multimedia
murder,muscat,muscatel,museum,music-box,musician,mutt,mycoplasma,myth,nanoparticle
narrative,nasal,nectar,need,neglect,negligee,neighbor,neighbour,neon,neonate
nephew,nestmate,netball,netbook,netsuke,neurobiologist,neuron,neuropathologist,newsletter,newsprint
newsstand,nexus,nibble,niche,nick,nickname,niece,nightclub,nightlife,nightlight
nightmare,ninja,nit,nitrogen,nobody,nod,node,noir,nonbeliever,nonconformist
noodles,noon,norm,notepad,noun,nucleotidase,nucleotide,nudge,nuke,numeric
numismatist,nun,nutrient,nylon,nymph,oats,obi,oboe,obstacle,octagon
octave,octavo,octet,odometer,odyssey,oeuvre,off-ramp,offense,offset,oldie
oleo,omega,omnivore,online,onset,opera,operator,ophthalmologist,opium,opponent
opportunist,optimal,optimist,orator,orchard,orchestra,orient,origin,osprey,ounce
outback,outfielder,outhouse,outlaw,outlay,outlet,outline,outlook,output,outrigger
outrun,outset,oval,overcharge,overflight,overhead,overheard,overload,overnighter,overshoot
oversight,overview,overweight,oxford,oxygen,ozone,pacemaker,packet,paddock,pagan
pagoda,painter,paintwork,palate,pamphlet,pancreas,pannier,panpipe,pantologist,pantsuit
pantyhose,papa,paperback,paperwork,parable,parade,paradise,paragraph,parallelogram,paramecium
paramedic,parameter,paranoia,pard,pardon,parole,parser,parsley,participant,particle
passbook,passive,password,pastor,pastoralist,pat,pate,patent,patentee,patina
patriarch,patrimony,patriot,patrol,patroller,patron,pattypan,pavilion,paw,pawnshop
payee,payoff,peacoat,peasant,pecker,pedal,peek,peen,peer,peer-to-peer
pegboard,pelt,penicillin,penis,pennant,penny,pentagon,percent,perch,perennial
periodical,peripheral,permafrost,perp,perpendicular,personnel,pest,pet,petitioner,pew
pharmacist,pharmacopoeia,phenomenon,phenotype,pheromone,philanthropy,philosopher,phosphate,photodiode,photograph
photographer,photoreceptor,pianist,piccolo,pickax,pickaxe,picket,pickup,picnic,picturesque
pigpen,pike,pilgrim,pill,pillar,pillbox,pimp,pimple,pince-nez,pink
pinkie,pinot,pinstripe,pint,pinto,pinworm,pioneer,pipeline,pirate,piss
pith,placebo,placode,plaintiff,planula,plasterboard,platelet,platform,platinum,playground
playroom,playwright,plea,pleat,pledge,plier,plight,plough,plover,plowman
plugin,plumber,plume,plywood,pneumonia,pocket-watch,podcast,poet,poison,polenta
policeman,politician,poll,polliwog,pollutant,polo,polyester,polyp,pomelo,pompom
pony,poor,popsicle,populist,porcelain,porter,portfolio,porthole,postbox,posterior
postfix,practitioner,praise,pray,prayer,precedent,predecessor,preface,prefix,prejudice
prelude,premier,premise,premium,preserves,pressroom,prestige,presume,prey,primate
prince,princess,principal,prison,prisoner,privilege,prizefight,probe,proceedings,processor
proctor,producer,progenitor,programme,promenade,pronoun,proof-reader,propaganda,propane,prophet
proponent,proprietor,prose,prosecutor,prospect,prostacyclin,prostanoid,prostrate,protein,protest
protocol,provider,province,prow,proximal,pruner,pseudocode,psychiatrist,psychoanalyst,psychologist
ptarmigan,pub,publisher,puggle,pulley,pulse,pumpernickel,pumpkinseed,pun,pup
pupa,pupil,puritan,purr,pursuit,pusher,pyridine,quadrant,quart,quartet
quest,questioner,questionnaire,quicksand,quill,quince,quiver,quota,rabbi,racer
racist,radar,radiator,radiosonde,raffle,raft,raid,railroad,railway,rainmaker
rainstorm,rainy,rally,rambler,ramen,ramie,ranch,rancher,ranger,rank
rap,rape,ratepayer,rationale,rations,rawhide,rayon,reactant,reader,real
realm,reamer,rear,rebel,rebellion,reboot,recall,receiver,receptor,recess
recipient,recliner,recruit,rectangle,redesign,redhead,redirect,referendum,reform,refreshments
refuge,refund,refusal,regard,regime,regulator,reject,relay,remnant,removal
replica,reporter,republican,resale,rescue,researcher,reset,residue,respite,restroom
resume,retailer,retina,retreat,retrospect,retrospective,reunion,revenant,revenge,reversal
reverse,revival,revolver,rhetoric,rhinoceros,rhyme,riddle,rider,rifle,rim
ringworm,riot,ripple,riser,rite,ritual,rivulet,roadway,roar,robotics
roommate,roster,rostrum,roundabout,router,routine,rowboat,rubric,ruckus,ruffle
rugby,rum,rumor,runaway,runner,rutabaga,sabre,sac,safari,safeguard
sailboat,sailor,saint,sake,salesman,salon,saloon,salute,samovar,sampan
samurai,satellite,satin,satire,savannah,savior,saviour,saxophone,scaffold,scallion
scallops,scalp,scam,scarecrow,scenario,scent,schema,schizophrenic,schnitzel,scholar
schoolhouse,schooner,scientist,scimitar,scope,scorn,scotch,scout,scow,scrambled
scrap,screamer,screw-up,scrim,scrip,scrutiny,sculptural,seabass,seafood,seaplane
seaside,secretariat,sectional,seeder,seeker,seep,self-control,self-esteem,seller,semantics
semester,semicircle,semicolon,semiconductor,seminar,senate,senator,sender,sepal,septicaemia
sequel,serial,sermon,serum,serval,servant,servitude,setback,settler,shack
shackle,shadowbox,shakedown,shallows,shareholder,shaw,sheath,shed,shin,shipper
shirtdress,shit,shoat,shoe-horn,shoehorn,shoemaker,shoes,shofar,shootdown,shopper
shoreline,shortwave,shout,show-stopper,shred,shrine,shutdown,sideboard,sideburns,sidecar
sidestream,siege,sigh,sight,signet,signify,signup,silica,silicon,silk
silkworm,simvastatin,sin,singular,sip,sister-in-law,sitar,skean,skeleton,skullcap
skylight,skyline,skywalk,slang,slapstick,slash,slave,sled,sleuth,slider
slime,slippers,slump,smith,smolt,snakebite,snap,snarl,sneakers,sneeze
sniffle,snob,snorer,snowman,snowstorm,snowsuit,snuck,snug,snuggle,soccer
socialist,socks,softball,softdrink,sole,solicitor,soliloquy,solitaire,somebody,someone
someplace,somersault,somewhere,sonar,sonata,songbird,sonnet,soot,sophomore,soprano
sorghum,sorrel,sorrow,soul,soulmate,sourwood,sousaphone,southeast,souvenir,sow
span,spandex,spank,sparerib,spasm,spat,spatula,spawn,speakerphone,spear
spec,species,spectacle,spectrograph,spectrum,speedboat,spelt,sphere,sphynx,spill
spiral,spiritual,spit,spleen,splendor,spokesman,spokeswoman,sponsor,spork,sportsman
spouse,sprag,sprat,spreadsheet,spree,sprinkles,sprinter,sprout,spud,spume
spur,spy,spyglass,squatter,squeegee,stab,stag,stain,staircase,stall
stallion,stamen,stamina,standoff,standpoint,starboard,starter,statin,station-wagon,statistic
statistics,statute,stealth,steamroller,stench,step-aunt,step-brother,step-daughter,step-father,step-grandfather
step-grandmother,step-mother,step-sister,step-son,step-uncle,stepdaughter,stepmother,stepping-stone,stepson,steward
stimulus,stinger,stitch,stitcher,stock-in-trade,stockings,stonework,stopsign,stopwatch,storey
storyboard,stot,strait,strand,strawman,streetcar,strife,stripe,strobe,stucco
stylus,sub,subcomponent,subconscious,subcontractor,subgroup,submarine,submitter,subprime,subroutine
subset,subsidy,subtitle,suburb,succotash,sucker,suede,suet,suicide,suite
sulfur,sultan,sum,sunbeam,sunbonnet,sunday,sundial,sunlamp,sunroom,sunshine
supernatural,supervisor,supper,supplier,supply,supporter,supreme,surface,surfboard,surge
surgeon,surname,surplus,surroundings,surrounds,survival,survivor,suspenders,swath,sweat
sweatshop,sweatsuit,sweets,swell,swine,switchboard,swivel,sword,swordfight,symbol
symptom,syndicate,syndrome,synod,synonym,t-shirt,tab,tabby,tabernacle,tabletop
tachometer,tactics,tactile,tail,tailbud,tailor,tailspin,take-out,takeover,talent
tam-o'-shanter,tamale,tambour,tambourine,tan,tandem,tank-top,tanker,tankful,taro
tarragon,tatami,tattler,tavern,taxicab,taxpayer,teammate,tech,technician,technique
technologist,tectonics,teen,teenager,teepee,telescreen,teletype,teller,temp,temper
tempo,temptress,tenant,tender,tenet,tenor,tensor,tentacle,tenth,tepee
teriyaki,terrace,terracotta,terrapin,terror,terrorist,testimonial,testimony,textual,thaw
theater,theft,therapist,therapy,thermals,thief,thirst,thistle,thongs,thousand
threat,threshold,thrift,thrill,thrush,thrust,thug,thump,thunderbolt,thunderhead
thunderstorm,tic,tick,tilt,timbale,timeline,timeout,timetable,timpani,tinderbox
tinkle,tintype,titanium,tobacco,tog,tolerant,toll,tom-tom,tomatillo,tomb
ton,tonic,toot,top-hat,topsail,toque,toreador,torso,tortellini,tosser
tote,tough-guy,tow-truck,townhouse,trace,trachoma,tracksuit,tract,trader,trafficker
tragedy,trailpatrol,trait,tram,tramp,transcript,transfer,transit,transom,transport
trap,trapdoor,trapezium,trapezoid,traveler,trek,trend,triad,trial,tribe
trigger,trillion,trim,trinket,tritone,triumph,trombone,troop,trooper,trove
trustee,tsunami,tuba,tuber,tug,tugboat,tummy,tune-up,turmeric,turnover
turnstile,turret,tusk,tussle,tutu,tweet,twins,twister,twitter,typeface
ukulele,ultimatum,underclothes,underestimate,underground,underneath,underpants,underpass,undertaker,underweight
underwire,unibody,update,upgrade,uplift,upward,urge,usher,vaccine,vagrant
valentine,validate,vampire,vanadyl,vane,variable,variant,vascular,vector,vegetarian
veldt,vellum,velodrome,vendor,veneer,venom,venti,venue,veranda,verb
verdict,vermicelli,vernacular,verse,vertigo,verve,vet,veteran,veterinarian,veto
vibe,vibraphone,vibrissae,vice,victim,viewer,vignette,villa,vintner,viola
virginal,virtue,visa,viscose,visitor,vista,vitamin,vitro,vivo,vixen
vodka,vogue,void,vol,volleyball,volunteer,vomit,vote,voter,wad
wafer,wagon,waistband,waiter,waitress,waiver,walkway,wallaby,wampum,wannabe
want,warden,warfare,warlock,warlord,warm-up,warmth,warrant,warren,warrior
washbasin,washcloth,washtub,wastebasket,watcher,watchmaker,watercress,waterfront,waterspout,waterwheel
waveform,weapon,webinar,webmail,website,weedkiller,weekender,welfare,wet-bar,wetland
wetsuit,whack,whelp,whip,whirlwind,whisker,whiskey,whisper,wholesale,wholesaler
whorl,widget,widow,width,wifi,wild,wildebeest,wildlife,wind-chime,windscreen
wingman,wingtip,wink,wiretap,wiseguy,wisteria,wit,witch,witch-hunt,withdrawal
wont,woodchuck,woodshed,woodwind,woolens,workforce,workhorse,workout,workplace,workshop
worshiper,wound,wraparound,wrapper,wreck,wrecker,wrestler,wriggler,wrinkle,yahoo
yang,yarmulke,yawl,yellowjacket,yew,yin,yoga,yolk,youngster,yourself
yurt,zampone,zebrafish,zen,zephyr,zero,ziggurat,zinc,zombie,zoologist
zoot-suit
